variant,repetition,queries,wall_seconds,allocations,checksum,source_sha256,harness_sha256,rustc,platform,optimization
baseline,1,1000000,0.039706993,1000000,1530968536,987773274396dc845bad00eb94e55dec1a15d3ffc0817fe240067108d7e9baae,2cfd229be774d93acc509fac7ea3f7084dc5b67a5c0810464c467dda0a1485bb,rustc 1.98.1 (48a229cea 2026-09-01),Linux-6.18.44-x86_64-with-glibc2.39,-O
candidate,1,1000000,0.024052701,0,1530968536,a1d373f4a3e0cf273f923618fbba9d332f99079cb47085510fffa2d25294ea8f,2cfd229be774d93acc509fac7ea3f7084dc5b67a5c0810464c467dda0a1485bb,rustc 1.98.1 (48a229cea 2026-09-01),Linux-6.18.44-x86_64-with-glibc2.39,-O
candidate,2,1000000,0.024102597,0,1530968536,a1d373f4a3e0cf273f923618fbba9d332f99079cb47085510fffa2d25294ea8f,2cfd229be774d93acc509fac7ea3f7084dc5b67a5c0810464c467dda0a1485bb,rustc 1.98.1 (48a229cea 2026-09-01),Linux-6.18.44-x86_64-with-glibc2.39,-O
baseline,2,1000000,0.036542535,1000000,1530968536,987773274396dc845bad00eb94e55dec1a15d3ffc0817fe240067108d7e9baae,2cfd229be774d93acc509fac7ea3f7084dc5b67a5c0810464c467dda0a1485bb,rustc 1.98.1 (48a229cea 2026-09-01),Linux-6.18.44-x86_64-with-glibc2.39,-O
baseline,3,1000000,0.036353015,1000000,1530968536,987773274396dc845bad00eb94e55dec1a15d3ffc0817fe240067108d7e9baae,2cfd229be774d93acc509fac7ea3f7084dc5b67a5c0810464c467dda0a1485bb,rustc 1.98.1 (48a229cea 2026-09-01),Linux-6.18.44-x86_64-with-glibc2.39,-O
candidate,3,1000000,0.025083463,0,1530968536,a1d373f4a3e0cf273f923618fbba9d332f99079cb47085510fffa2d25294ea8f,2cfd229be774d93acc509fac7ea3f7084dc5b67a5c0810464c467dda0a1485bb,rustc 1.98.1 (48a229cea 2026-09-01),Linux-6.18.44-x86_64-with-glibc2.39,-O
candidate,4,1000000,0.02468941,0,1530968536,a1d373f4a3e0cf273f923618fbba9d332f99079cb47085510fffa2d25294ea8f,2cfd229be774d93acc509fac7ea3f7084dc5b67a5c0810464c467dda0a1485bb,rustc 1.98.1 (48a229cea 2026-09-01),Linux-6.18.44-x86_64-with-glibc2.39,-O
baseline,4,1000000,0.036154876,1000000,1530968536,987773274396dc845bad00eb94e55dec1a15d3ffc0817fe240067108d7e9baae,2cfd229be774d93acc509fac7ea3f7084dc5b67a5c0810464c467dda0a1485bb,rustc 1.98.1 (48a229cea 2026-09-01),Linux-6.18.44-x86_64-with-glibc2.39,-O
baseline,5,1000000,0.037111367,1000000,1530968536,987773274396dc845bad00eb94e55dec1a15d3ffc0817fe240067108d7e9baae,2cfd229be774d93acc509fac7ea3f7084dc5b67a5c0810464c467dda0a1485bb,rustc 1.98.1 (48a229cea 2026-09-01),Linux-6.18.44-x86_64-with-glibc2.39,-O
candidate,5,1000000,0.024832906,0,1530968536,a1d373f4a3e0cf273f923618fbba9d332f99079cb47085510fffa2d25294ea8f,2cfd229be774d93acc509fac7ea3f7084dc5b67a5c0810464c467dda0a1485bb,rustc 1.98.1 (48a229cea 2026-09-01),Linux-6.18.44-x86_64-with-glibc2.39,-O
